{
    "accuracy": 0.9752520623281393,
    "precision": 0.9285714285714286,
    "recall": 0.8843537414965986
}
